path,selected_client,selected_server,dsym_852_client,dsym_852_server,dsym_841_client,dsym_841_server
game/client/portal/c_func_noportal_volume.cpp,1,0,1,0,1,0
game/client/portal/c_func_portal_bumper.cpp,1,0,1,0,1,0
game/client/portal/c_portal_gamestats.cpp,1,0,1,0,1,0
game/client/portal/c_trigger_portal_cleanser.cpp,1,0,1,0,1,0
game/client/portal2/c_baseprojectedentity.cpp,1,0,1,0,1,0
game/client/portal2/c_baseprojector.cpp,1,0,0,0,0,0
game/client/portal2/c_community_coop.cpp,1,0,0,0,0,0
game/client/portal2/c_env_portal_laser.cpp,1,0,0,0,1,0
game/client/portal2/c_fizzler_effects.cpp,1,0,1,0,1,0
game/client/portal2/c_fizzler_multiorigin_sound_player.cpp,1,0,0,0,0,0
game/client/portal2/c_hitbox_damaged_entity.cpp,1,0,1,0,1,0
game/client/portal2/c_indicator_panel.cpp,1,0,1,0,1,0
game/client/portal2/c_info_placement_helper.cpp,1,0,1,0,1,0
game/client/portal2/c_info_portal_score.cpp,1,0,0,0,0,0
game/client/portal2/c_item_photo.cpp,1,0,1,0,1,0
game/client/portal2/c_level_placard_display.cpp,1,0,1,0,1,0
game/client/portal2/c_mp_lobby_screen.cpp,1,0,1,0,1,0
game/client/portal2/c_npc_hover_turret.cpp,1,0,1,0,1,0
game/client/portal2/c_npc_personality_core.cpp,1,0,1,0,1,0
game/client/portal2/c_paint_input.cpp,1,0,1,0,1,0
game/client/portal2/c_paint_messages.cpp,1,0,1,0,1,0
game/client/portal2/c_paint_sprayer.cpp,1,0,1,0,1,0
game/client/portal2/c_paint_stream.cpp,1,0,0,0,1,0
game/client/portal2/c_paintblob.cpp,1,0,1,0,1,0
game/client/portal2/c_paintblob_render.cpp,1,0,1,0,1,0
game/client/portal2/c_perfmonitor.cpp,1,0,0,0,1,0
game/client/portal2/c_pointsurvey.cpp,1,0,1,0,1,0
game/client/portal2/c_portal2_lesson.cpp,1,0,0,0,0,0
game/client/portal2/c_portal_beam_helper.cpp,1,0,0,0,0,0
game/client/portal2/c_portal_mp_stats.cpp,1,0,0,0,0,0
game/client/portal2/c_portal_playerlocaldata.cpp,1,0,1,0,1,0
game/client/portal2/c_portal_pointpush.cpp,1,0,1,0,1,0
game/client/portal2/c_portal_race_checkpoint.cpp,1,0,1,0,1,0
game/client/portal2/c_projected_entity_ambient_sound_proxy.cpp,1,0,0,0,0,0
game/client/portal2/c_projectedwallentity.cpp,1,0,1,0,1,0
game/client/portal2/c_prop_linked_portal_door.cpp,1,0,1,0,1,0
game/client/portal2/c_prop_paint_bomb.cpp,1,0,1,0,1,0
game/client/portal2/c_prop_rockettripwire.cpp,1,0,1,0,1,0
game/client/portal2/c_prop_tractorbeam.cpp,1,0,1,0,1,0
game/client/portal2/c_trigger_catapult.cpp,1,0,0,0,0,0
game/client/portal2/c_trigger_paint_cleanser.cpp,1,0,1,0,1,0
game/client/portal2/c_trigger_tractorbeam.cpp,1,0,1,0,1,0
game/client/portal2/c_weapon_paintgun.cpp,1,0,1,0,1,0
game/client/portal2/hud_challenge_stats_panel.cpp,1,0,0,0,0,0
game/client/portal2/hud_coop_ping_indicator.cpp,1,0,1,0,1,0
game/client/portal2/hud_indicator.cpp,1,0,1,0,1,0
game/client/portal2/hud_multiplayerbasicinfo.cpp,1,0,1,0,1,0
game/client/portal2/hud_puzzlemaker_map_out_of_date.cpp,1,0,0,0,0,0
game/client/portal2/hud_puzzlemaker_saving.cpp,1,0,0,0,0,0
game/client/portal2/hud_taunt_earned.cpp,1,0,0,0,1,0
game/client/portal2/hud_viewfinder.cpp,1,0,1,0,1,0
game/client/portal2/hud_vs_score_panel.cpp,1,0,0,0,0,0
game/client/portal2/paint_hud_paint_ammo.cpp,1,0,0,0,0,0
game/client/portal2/polygonbutton.cpp,1,0,1,0,1,0
game/client/portal2/portal2_leaderboard.cpp,1,0,0,0,0,0
game/client/portal2/portal2_leaderboard_manager.cpp,1,0,0,0,0,0
game/client/portal2/radialbutton.cpp,1,0,0,0,0,0
game/client/portal2/radialmenu_taunt.cpp,1,0,1,0,1,0
game/client/portal2/vgui/portal_leaderboard_graph_panel.cpp,1,0,0,0,0,0
game/client/portal2/vgui/portalclientscoreboard.cpp,1,0,1,0,1,0
game/client/portal2/vgui/splinegraphpanel.cpp,1,0,0,0,0,0
game/client/portal2/vgui/surveypanel.cpp,1,0,1,0,1,0
game/client/portal2/vgui/vgui_base_progress_screen.cpp,1,0,0,0,0,0
game/client/portal2/vgui/vgui_indicator_panel.cpp,1,0,1,0,1,0
game/client/portal2/vgui/vgui_level_placard.cpp,1,0,1,0,1,0
game/client/portal2/vgui/vgui_mp_credits_screen.cpp,1,0,0,0,0,0
game/client/portal2/vgui/vgui_mp_lobby_screen.cpp,1,0,1,0,1,0
game/client/portal2/vgui/vgui_mp_progress_screen.cpp,1,0,0,0,0,0
game/client/portal2/vgui/vgui_sp_progress_screen.cpp,1,0,0,0,0,0
game/server/portal2/baseprojectedentity.cpp,0,1,0,1,0,1
game/server/portal2/baseprojector.cpp,0,1,0,1,0,1
game/server/portal2/challenge_mode_end_node.cpp,0,1,0,0,0,0
game/server/portal2/cpaintblob.cpp,0,1,0,1,0,1
game/server/portal2/env_portal_laser.cpp,0,1,0,1,0,1
game/server/portal2/fizzler_effects.cpp,0,1,0,1,0,1
game/server/portal2/fizzler_multiorigin_sound_player.cpp,0,1,0,0,0,0
game/server/portal2/func_placement_clip.cpp,0,1,0,1,0,1
game/server/portal2/func_portalled.cpp,0,1,0,1,0,1
game/server/portal2/indicator_panel.cpp,0,1,0,1,0,1
game/server/portal2/info_coop_spawn.cpp,0,1,0,1,0,1
game/server/portal2/info_placement_helper.cpp,0,1,0,1,0,1
game/server/portal2/info_player_ping_detector.cpp,0,1,0,0,0,1
game/server/portal2/info_portal_score.cpp,0,1,0,0,0,0
game/server/portal2/item_nugget.cpp,0,1,0,1,0,1
game/server/portal2/item_paint_power_pickup.cpp,0,1,0,1,0,1
game/server/portal2/level_placard_display.cpp,0,1,0,1,0,1
game/server/portal2/logic_timescale.cpp,0,1,0,0,0,0
game/server/portal2/mp_lobby_screen.cpp,0,1,0,1,0,1
game/server/portal2/npc_hover_turret.cpp,0,1,0,1,0,1
game/server/portal2/npc_personality_core.cpp,0,1,0,1,0,1
game/server/portal2/npc_wheatley_boss.cpp,0,1,0,0,0,0
game/server/portal2/paint_bot_temp.cpp,0,1,0,1,0,1
game/server/portal2/paint_database.cpp,0,1,0,1,0,1
game/server/portal2/paint_sphere.cpp,0,1,0,0,0,0
game/server/portal2/paint_sprayer.cpp,0,1,0,1,0,1
game/server/portal2/paint_stream.cpp,0,1,0,0,0,1
game/server/portal2/paint_swap_guns.cpp,0,1,0,1,0,1
game/server/portal2/point_changelevel.cpp,0,1,0,1,0,1
game/server/portal2/point_futbol_shooter.cpp,0,1,0,0,0,1
game/server/portal2/point_laser_target.cpp,0,1,0,1,0,1
game/server/portal2/pointsurvey.cpp,0,1,0,1,0,1
game/server/portal2/portal2_research_data_tracker.cpp,0,1,0,0,0,0
game/server/portal2/portal_mp_stats.cpp,0,1,0,0,0,0
game/server/portal2/portal_playerlocaldata.cpp,0,1,0,1,0,1
game/server/portal2/portal_pointpush.cpp,0,1,0,1,0,1
game/server/portal2/portal_procedural_generator.cpp,0,1,0,0,0,0
game/server/portal2/portal_race_checkpoint.cpp,0,1,0,1,0,1
game/server/portal2/portal_ui_controller.cpp,0,1,0,0,0,0
game/server/portal2/projected_entity_ambient_sound_proxy.cpp,0,1,0,0,0,0
game/server/portal2/projectedwallentity.cpp,0,1,0,1,0,1
game/server/portal2/prop_exploding_futbol.cpp,0,1,0,1,0,1
game/server/portal2/prop_hot_potato.cpp,0,1,0,0,0,0
game/server/portal2/prop_monster_box.cpp,0,1,0,0,0,0
game/server/portal2/prop_paint_bomb.cpp,0,1,0,1,0,1
game/server/portal2/prop_personality_sphere.cpp,0,1,0,1,0,1
game/server/portal2/prop_physics_paintable.cpp,0,1,0,1,0,1
game/server/portal2/prop_rockettripwire.cpp,0,1,0,1,0,1
game/server/portal2/prop_tractorbeam.cpp,0,1,0,1,0,1
game/server/portal2/propglassfutbol.cpp,0,1,0,1,0,1
game/server/portal2/propwallprojector.cpp,0,1,0,1,0,1
game/server/portal2/rocketprojectile.cpp,0,1,0,1,0,1
game/server/portal2/trigger_catapult.cpp,0,1,0,0,0,0
game/server/portal2/trigger_paint_cleanser.cpp,0,1,0,1,0,1
game/server/portal2/trigger_ping_detector.cpp,0,1,0,1,0,1
game/server/portal2/trigger_playerteam.cpp,0,1,0,1,0,1
game/server/portal2/trigger_tractorbeam.cpp,0,1,0,1,0,1
game/server/portal2/weapon_paintgun.cpp,0,1,0,1,0,1
game/shared/portal2/damage_database.cpp,1,1,1,1,1,1
game/shared/portal2/hitbox_damaged_entity_shared.cpp,1,1,1,1,1,1
game/shared/portal2/material_index_data_ops_proxy.cpp,1,1,0,0,0,0
game/shared/portal2/paint_saverestore.cpp,1,1,1,1,1,1
game/shared/portal2/portal2_leaderboard_bucketizer.cpp,1,0,0,0,0,0
game/shared/portal2/portal_pointpush_shared.cpp,1,1,1,1,1,1
game/shared/portal2/trigger_catapult_shared.cpp,1,1,0,0,0,0
game/shared/portal2/weapon_item_base_shared.cpp,1,1,0,0,0,0
game/shared/portal2/weapon_promo_items_shared.cpp,1,1,0,0,0,0
